2,4,2,no_entry_zone,2026-06-01T14:12:12.045718,2026-06-01T14:12:19.334830,7.29,C:\VineethaData\danger_zones_detection\recordings\event_0002.mp4,C:\VineethaData\danger_zones_detection\snapshots\event_0002.jpg
3,40,1,DangerZoneA,2026-06-01T14:12:22.620200,2026-06-01T14:12:30.747028,8.13,C:\VineethaData\danger_zones_detection\recordings\event_0003.mp4,C:\VineethaData\danger_zones_detection\snapshots\event_0003.jpg
4,42,1,DangerZoneA,2026-06-01T14:12:23.124432,2026-06-01T14:12:30.935004,7.81,C:\VineethaData\danger_zones_detection\recordings\event_0004.mp4,C:\VineethaData\danger_zones_detection\snapshots\event_0004.jpg
1,3,1,DangerZoneA,2026-06-01T14:12:10.957228,2026-06-01T14:12:33.530522,22.57,C:\VineethaData\danger_zones_detection\recordings\event_0001.mp4,C:\VineethaData\danger_zones_detection\snapshots\event_0001.jpg
5,76,1,DangerZoneA,2026-06-01T14:12:31.614545,2026-06-01T14:12:38.624183,7.01,C:\VineethaData\danger_zones_detection\recordings\event_0005.mp4,C:\VineethaData\danger_zones_detection\snapshots\event_0005.jpg
1,475,2,no_entry_zone,2026-06-01T14:14:54.348812,2026-06-01T14:15:06.079595,11.73,C:\VineethaData\danger_zones_detection\recordings\event_0001.mp4,C:\VineethaData\danger_zones_detection\snapshots\event_0001.jpg
2,497,2,no_entry_zone,2026-06-01T14:15:09.446371,2026-06-01T14:15:21.574211,12.13,C:\VineethaData\danger_zones_detection\recordings\event_0002.mp4,C:\VineethaData\danger_zones_detection\snapshots\event_0002.jpg
3,502,2,no_entry_zone,2026-06-01T14:15:11.146556,2026-06-01T14:15:23.565318,12.42,C:\VineethaData\danger_zones_detection\recordings\event_0003.mp4,C:\VineethaData\danger_zones_detection\snapshots\event_0003.jpg
4,545,2,no_entry_zone,2026-06-01T14:15:32.451432,2026-06-01T14:15:48.864236,16.41,C:\VineethaData\danger_zones_detection\recordings\event_0004.mp4,C:\VineethaData\danger_zones_detection\snapshots\event_0004.jpg
1,121,2,no_entry_zone,2026-06-01T14:18:12.489507,2026-06-01T14:18:30.208196,17.72,C:\VineethaData\danger_zones_detection\recordings\event_0001.mp4,C:\VineethaData\danger_zones_detection\snapshots\event_0001.jpg
2,152,2,no_entry_zone,2026-06-01T14:18:20.498561,2026-06-01T14:18:30.211705,9.71,C:\VineethaData\danger_zones_detection\recordings\event_0002.mp4,C:\VineethaData\danger_zones_detection\snapshots\event_0002.jpg
6,69,3,bhavani_beside_denger,2026-06-01T15:55:17.808930,2026-06-01T15:55:24.243976,6.44,C:\VineethaData\danger_zones_detection\recordings\event_0006.mp4,C:\VineethaData\danger_zones_detection\snapshots\event_0006.jpg
7,123,3,bhavani_beside_denger,2026-06-01T15:55:26.112853,2026-06-01T15:55:37.823591,11.71,C:\VineethaData\danger_zones_detection\recordings\event_0007.mp4,C:\VineethaData\danger_zones_detection\snapshots\event_0007.jpg
8,242,3,bhavani_beside_denger,2026-06-01T15:56:09.609166,2026-06-01T15:56:29.735436,20.13,C:\VineethaData\danger_zones_detection\recordings\event_0008.mp4,C:\VineethaData\danger_zones_detection\snapshots\event_0008.jpg
9,263,3,bhavani_beside_denger,2026-06-01T15:56:25.122573,2026-06-01T15:56:33.623024,8.50,C:\VineethaData\danger_zones_detection\recordings\event_0009.mp4,C:\VineethaData\danger_zones_detection\snapshots\event_0009.jpg
10,35,3,bhavani_beside_denger,2026-06-01T16:00:01.269586,2026-06-01T16:00:35.294955,34.03,C:\VineethaData\danger_zones_detection\recordings\event_0010.mp4,C:\VineethaData\danger_zones_detection\snapshots\event_0010.jpg
11,108,3,bhavani_beside_denger,2026-06-01T16:00:31.859488,2026-06-01T16:01:16.868909,45.01,C:\VineethaData\danger_zones_detection\recordings\event_0011.mp4,C:\VineethaData\danger_zones_detection\snapshots\event_0011.jpg
12,185,3,bhavani_beside_denger,2026-06-01T16:01:13.965419,2026-06-01T16:01:22.270170,8.30,C:\VineethaData\danger_zones_detection\recordings\event_0012.mp4,C:\VineethaData\danger_zones_detection\snapshots\event_0012.jpg
13,186,3,bhavani_beside_denger,2026-06-01T16:01:19.262836,2026-06-01T16:01:28.771418,9.51,C:\VineethaData\danger_zones_detection\recordings\event_0013.mp4,C:\VineethaData\danger_zones_detection\snapshots\event_0013.jpg
14,2,3,bhavani_beside_denger,2026-06-01T16:06:02.521155,2026-06-01T16:06:13.148208,10.63,C:\VineethaData\danger_zones_detection\recordings\event_0014.mp4,C:\VineethaData\danger_zones_detection\snapshots\event_0014.jpg
16,23,3,bhavani_beside_denger,2026-06-01T16:06:17.631040,2026-06-01T16:06:23.951026,6.32,C:\VineethaData\danger_zones_detection\recordings\event_0016.mp4,C:\VineethaData\danger_zones_detection\snapshots\event_0016.jpg
15,2,3,bhavani_beside_denger,2026-06-01T16:06:16.429072,2026-06-01T16:06:56.337191,39.91,C:\VineethaData\danger_zones_detection\recordings\event_0015.mp4,C:\VineethaData\danger_zones_detection\snapshots\event_0015.jpg
19,51,3,bhavani_beside_denger,2026-06-01T16:06:50.439310,2026-06-01T16:06:59.167613,8.73,C:\VineethaData\danger_zones_detection\recordings\event_0019.mp4,C:\VineethaData\danger_zones_detection\snapshots\event_0019.jpg
20,55,3,bhavani_beside_denger,2026-06-01T16:06:58.643198,2026-06-01T16:07:20.871618,22.23,C:\VineethaData\danger_zones_detection\recordings\event_0020.mp4,C:\VineethaData\danger_zones_detection\snapshots\event_0020.jpg
21,66,3,bhavani_beside_denger,2026-06-01T16:07:13.041376,2026-06-01T16:07:22.690604,9.65,C:\VineethaData\danger_zones_detection\recordings\event_0021.mp4,C:\VineethaData\danger_zones_detection\snapshots\event_0021.jpg
18,35,3,bhavani_beside_denger,2026-06-01T16:06:23.541131,2026-06-01T16:07:38.863138,75.32,C:\VineethaData\danger_zones_detection\recordings\event_0018.mp4;C:\VineethaData\danger_zones_detection\recordings\event_0018_part_002.mp4,C:\VineethaData\danger_zones_detection\snapshots\event_0018.jpg
22,90,3,bhavani_beside_denger,2026-06-01T16:07:24.768899,2026-06-01T16:08:02.257816,37.49,C:\VineethaData\danger_zones_detection\recordings\event_0022.mp4,C:\VineethaData\danger_zones_detection\snapshots\event_0022.jpg
23,111,3,bhavani_beside_denger,2026-06-01T16:07:40.541409,2026-06-01T16:08:10.055891,29.51,C:\VineethaData\danger_zones_detection\recordings\event_0023.mp4,C:\VineethaData\danger_zones_detection\snapshots\event_0023.jpg
24,135,3,bhavani_beside_denger,2026-06-01T16:08:02.654234,2026-06-01T16:08:12.487336,9.83,C:\VineethaData\danger_zones_detection\recordings\event_0024.mp4,C:\VineethaData\danger_zones_detection\snapshots\event_0024.jpg
25,136,3,bhavani_beside_denger,2026-06-01T16:08:02.656249,2026-06-01T16:08:21.733114,19.08,C:\VineethaData\danger_zones_detection\recordings\event_0025.mp4,C:\VineethaData\danger_zones_detection\snapshots\event_0025.jpg
17,37,3,bhavani_beside_denger,2026-06-01T16:06:23.741238,2026-06-01T16:08:26.316721,122.58,C:\VineethaData\danger_zones_detection\recordings\event_0017.mp4;C:\VineethaData\danger_zones_detection\recordings\event_0017_part_002.mp4,C:\VineethaData\danger_zones_detection\snapshots\event_0017.jpg
29,183,3,bhavani_beside_denger,2026-06-01T16:08:17.893705,2026-06-01T16:08:27.140512,9.25,C:\VineethaData\danger_zones_detection\recordings\event_0029.mp4,C:\VineethaData\danger_zones_detection\snapshots\event_0029.jpg
27,157,3,bhavani_beside_denger,2026-06-01T16:08:10.577621,2026-06-01T16:08:28.170864,17.59,C:\VineethaData\danger_zones_detection\recordings\event_0027.mp4,C:\VineethaData\danger_zones_detection\snapshots\event_0027.jpg
28,181,3,bhavani_beside_denger,2026-06-01T16:08:17.648891,2026-06-01T16:08:32.781610,15.13,C:\VineethaData\danger_zones_detection\recordings\event_0028.mp4,C:\VineethaData\danger_zones_detection\snapshots\event_0028.jpg
26,146,3,bhavani_beside_denger,2026-06-01T16:08:08.609566,2026-06-01T16:08:33.766076,25.16,C:\VineethaData\danger_zones_detection\recordings\event_0026.mp4,C:\VineethaData\danger_zones_detection\snapshots\event_0026.jpg
30,209,3,bhavani_beside_denger,2026-06-01T16:08:25.898773,2026-06-01T16:08:33.947245,8.05,C:\VineethaData\danger_zones_detection\recordings\event_0030.mp4,C:\VineethaData\danger_zones_detection\snapshots\event_0030.jpg
33,238,3,bhavani_beside_denger,2026-06-01T16:08:33.048238,2026-06-01T16:08:41.547085,8.50,C:\VineethaData\danger_zones_detection\recordings\event_0033.mp4,C:\VineethaData\danger_zones_detection\snapshots\event_0033.jpg
31,236,3,bhavani_beside_denger,2026-06-01T16:08:31.222843,2026-06-01T16:08:42.068914,10.85,C:\VineethaData\danger_zones_detection\recordings\event_0031.mp4,C:\VineethaData\danger_zones_detection\snapshots\event_0031.jpg
34,1,3,bhavani_beside_denger,2026-06-01T17:42:48.078078,2026-06-01T17:43:02.349612,14.27,C:\Users\valkontek 010\Downloads\danger_zones_detection\danger_zones_detection\recordings\event_0034.mp4,C:\Users\valkontek 010\Downloads\danger_zones_detection\danger_zones_detection\snapshots\event_0034.jpg
35,1,3,bhavani_beside_denger,2026-06-01T17:43:02.927027,2026-06-01T17:43:16.033217,13.11,C:\Users\valkontek 010\Downloads\danger_zones_detection\danger_zones_detection\recordings\event_0035.mp4,C:\Users\valkontek 010\Downloads\danger_zones_detection\danger_zones_detection\snapshots\event_0035.jpg
36,1,3,bhavani_beside_denger,2026-06-01T17:43:22.849380,2026-06-01T17:43:38.445587,15.60,C:\Users\valkontek 010\Downloads\danger_zones_detection\danger_zones_detection\recordings\event_0036.mp4,C:\Users\valkontek 010\Downloads\danger_zones_detection\danger_zones_detection\snapshots\event_0036.jpg
37,1,3,bhavani_beside_denger,2026-06-01T17:45:39.427686,2026-06-01T17:46:00.388530,20.96,C:\Users\valkontek 010\Downloads\danger_zones_detection\danger_zones_detection\recordings\event_0037.mp4,C:\Users\valkontek 010\Downloads\danger_zones_detection\danger_zones_detection\snapshots\event_0037.jpg
